{"cameraMode":{"drawMode":0,"name":"Shaded","section":"Shading Mode"},"sceneLighting":false,"audioPlay":false,"sceneViewState":{"showFog":true,"showMaterialUpdate":true,"showSkybox":true,"showFlares":true,"showImageEffects":true,"showParticleSystems":true},"in2DMode":false,"pivot":{"x":142.52999877929688,"y":30.5,"z":49.16999816894531},"rotation":{"x":0.28650999069213869,"y":0.6059804558753967,"z":-0.24826207756996156,"w":0.6993322968482971},"size":1.4289418458938599,"orthographic":false}