{"cameraMode":{"drawMode":0,"name":"Shaded","section":"Shading Mode"},"sceneLighting":false,"audioPlay":false,"sceneViewState":{"showFog":true,"showMaterialUpdate":true,"showSkybox":true,"showFlares":true,"showImageEffects":true,"showParticleSystems":true},"in2DMode":false,"pivot":{"x":127.9688720703125,"y":31.67487907409668,"z":68.10130310058594},"rotation":{"x":0.2699483335018158,"y":0.4249922037124634,"z":-0.13441751897335053,"w":0.8534878492355347},"size":24.601234436035158,"orthographic":false}