{"cameraMode":{"drawMode":0,"name":"Shaded","section":"Shading Mode"},"sceneLighting":true,"audioPlay":false,"sceneViewState":{"showFog":true,"showMaterialUpdate":true,"showSkybox":true,"showFlares":true,"showImageEffects":true,"showParticleSystems":true},"in2DMode":false,"pivot":{"x":130.0,"y":30.219999313354493,"z":62.327545166015628},"rotation":{"x":0.1885727494955063,"y":-0.10583041608333588,"z":0.02044745907187462,"w":0.9761261343955994},"size":3541.88525390625,"orthographic":false}