{"cameraMode":{"drawMode":0,"name":"Shaded","section":"Shading Mode"},"sceneLighting":false,"audioPlay":false,"sceneViewState":{"showFog":true,"showMaterialUpdate":true,"showSkybox":true,"showFlares":true,"showImageEffects":true,"showParticleSystems":true},"in2DMode":false,"pivot":{"x":17.01131248474121,"y":-0.4642888903617859,"z":25.817407608032228},"rotation":{"x":0.32102876901626589,"y":-0.4742729961872101,"z":0.1909896284341812,"w":0.7972005605697632},"size":7.949264049530029,"orthographic":false}