{"cameraMode":{"drawMode":0,"name":"Shaded","section":"Shading Mode"},"sceneLighting":false,"audioPlay":false,"sceneViewState":{"showFog":true,"showMaterialUpdate":true,"showSkybox":true,"showFlares":true,"showImageEffects":true,"showParticleSystems":true},"in2DMode":false,"pivot":{"x":127.33466339111328,"y":30.0,"z":59.84629821777344},"rotation":{"x":0.32102876901626589,"y":-0.4742729961872101,"z":0.1909896284341812,"w":0.7972005605697632},"size":4.505244255065918,"orthographic":false}