{"cameraMode":{"drawMode":0,"name":"Shaded","section":"Shading Mode"},"sceneLighting":false,"audioPlay":false,"sceneViewState":{"showFog":true,"showMaterialUpdate":true,"showSkybox":true,"showFlares":true,"showImageEffects":true,"showParticleSystems":true},"in2DMode":false,"pivot":{"x":122.32369232177735,"y":24.51585578918457,"z":59.79814529418945},"rotation":{"x":-0.23264749348163606,"y":0.6216692924499512,"z":-0.2007422298192978,"w":-0.7204893827438355},"size":13.375883102416993,"orthographic":false}