{"cameraMode":{"drawMode":0,"name":"Shaded","section":"Shading Mode"},"sceneLighting":false,"audioPlay":false,"sceneViewState":{"showFog":true,"showMaterialUpdate":true,"showSkybox":true,"showFlares":true,"showImageEffects":true,"showParticleSystems":true},"in2DMode":false,"pivot":{"x":-0.0104217529296875,"y":-0.44254398345947268,"z":18.149999618530275},"rotation":{"x":0.32102876901626589,"y":-0.4742729961872101,"z":0.1909896284341812,"w":0.7972005605697632},"size":7.66276741027832,"orthographic":false}