{"cameraMode":{"drawMode":0,"name":"Shaded","section":"Shading Mode"},"sceneLighting":false,"audioPlay":false,"sceneViewState":{"showFog":true,"showMaterialUpdate":true,"showSkybox":true,"showFlares":true,"showImageEffects":true,"showParticleSystems":true},"in2DMode":false,"pivot":{"x":122.36862182617188,"y":30.117000579833986,"z":59.36000061035156},"rotation":{"x":0.1885727494955063,"y":-0.10583041608333588,"z":0.02044745907187462,"w":0.9761261343955994},"size":4.643514156341553,"orthographic":false}