{"cameraMode":{"drawMode":0,"name":"Shaded","section":"Shading Mode"},"sceneLighting":false,"audioPlay":false,"sceneViewState":{"showFog":true,"showMaterialUpdate":true,"showSkybox":true,"showFlares":true,"showImageEffects":true,"showParticleSystems":true},"in2DMode":false,"pivot":{"x":126.42192840576172,"y":31.780000686645509,"z":59.54277801513672},"rotation":{"x":0.5065727829933167,"y":0.018106484785676004,"z":-0.010638202540576458,"w":0.8619414567947388},"size":4.62769889831543,"orthographic":false}