{"cameraMode":{"drawMode":0,"name":"Shaded","section":"Shading Mode"},"sceneLighting":false,"audioPlay":false,"sceneViewState":{"showFog":true,"showMaterialUpdate":true,"showSkybox":true,"showFlares":true,"showImageEffects":true,"showParticleSystems":true},"in2DMode":false,"pivot":{"x":0.0,"y":1.4715003967285157,"z":0.10000038146972656},"rotation":{"x":0.1610487699508667,"y":-0.1559004932641983,"z":0.025773698464035989,"w":0.9742146134376526},"size":81.00239562988281,"orthographic":false}