{"cameraMode":{"drawMode":0,"name":"Shaded","section":"Shading Mode"},"sceneLighting":true,"audioPlay":false,"sceneViewState":{"showFog":true,"showMaterialUpdate":true,"showSkybox":true,"showFlares":true,"showImageEffects":true,"showParticleSystems":true},"in2DMode":false,"pivot":{"x":177.9246368408203,"y":38.73424530029297,"z":198.72703552246095},"rotation":{"x":0.2927905321121216,"y":-0.019369835034012796,"z":0.006239236798137426,"w":0.9559600949287415},"size":41.33198547363281,"orthographic":false}