{"cameraMode":{"drawMode":0,"name":"Shaded","section":"Shading Mode"},"sceneLighting":true,"audioPlay":false,"sceneViewState":{"showFog":true,"showMaterialUpdate":true,"showSkybox":true,"showFlares":true,"showImageEffects":true,"showParticleSystems":true},"in2DMode":false,"pivot":{"x":-133.19235229492188,"y":-137.8639373779297,"z":298.0873718261719},"rotation":{"x":0.14710137248039246,"y":-0.18575502932071687,"z":0.02814018912613392,"w":0.9711150527000427},"size":577.068115234375,"orthographic":false}